               epoch,      train/box_loss,      train/obj_loss,      train/cls_loss,   metrics/precision,      metrics/recall,     metrics/mAP_0.5,metrics/mAP_0.5:0.95,        val/box_loss,        val/obj_loss,        val/cls_loss,               x/lr0,               x/lr1,               x/lr2
                   0,            0.052116,            0.014554,                   0,             0.99626,              0.9951,             0.99499,             0.58975,            0.027596,            0.007661,                   0,           0.0033325,           0.0033325,            0.070007
                   1,            0.026365,           0.0076802,                   0,             0.99847,             0.99809,             0.99726,              0.6899,            0.021277,           0.0066617,                   0,           0.0066657,           0.0066657,            0.040007
                   2,            0.021894,           0.0068265,                   0,             0.99903,             0.99907,             0.99697,             0.71016,            0.020013,           0.0064409,                   0,           0.0099983,           0.0099983,            0.010007
                   3,            0.020178,           0.0064462,                   0,             0.99932,             0.99943,             0.99738,             0.71446,            0.019775,           0.0063738,                   0,            0.009998,            0.009998,            0.009998
                   4,            0.019362,            0.006234,                   0,             0.99954,              0.9995,             0.99763,             0.71592,            0.019708,           0.0063505,                   0,            0.009998,            0.009998,            0.009998
                   5,            0.018996,           0.0061515,                   0,             0.99955,             0.99957,             0.99782,             0.71841,            0.019636,           0.0063353,                   0,           0.0099965,           0.0099965,           0.0099965
                   6,            0.018729,           0.0060723,                   0,             0.99959,             0.99966,             0.99803,              0.7197,            0.019605,           0.0063292,                   0,           0.0099945,           0.0099945,           0.0099945
                   7,            0.018524,           0.0060118,                   0,              0.9996,             0.99965,             0.99814,              0.7201,            0.019616,           0.0063313,                   0,           0.0099921,           0.0099921,           0.0099921
                   8,             0.01833,           0.0059659,                   0,             0.99962,             0.99962,             0.99828,             0.71922,            0.019635,           0.0063318,                   0,           0.0099893,           0.0099893,           0.0099893
                   9,             0.01822,           0.0059398,                   0,             0.99956,             0.99967,             0.99842,             0.71957,             0.01961,           0.0063305,                   0,            0.009986,            0.009986,            0.009986
                  10,              0.0181,           0.0059345,                   0,             0.99951,             0.99972,             0.99845,              0.7198,            0.019587,           0.0063238,                   0,           0.0099822,           0.0099822,           0.0099822
                  11,            0.018026,           0.0058988,                   0,             0.99952,              0.9997,             0.99836,             0.71954,            0.019577,           0.0063151,                   0,           0.0099781,           0.0099781,           0.0099781
                  12,            0.017909,           0.0058692,                   0,             0.99953,             0.99973,             0.99841,             0.71993,            0.019538,           0.0062991,                   0,           0.0099735,           0.0099735,           0.0099735
                  13,             0.01786,           0.0058529,                   0,             0.99965,             0.99958,              0.9983,             0.72071,            0.019458,           0.0062833,                   0,           0.0099685,           0.0099685,           0.0099685
                  14,             0.01775,           0.0058505,                   0,             0.99964,             0.99962,             0.99808,             0.72135,             0.01939,           0.0062709,                   0,            0.009963,            0.009963,            0.009963
                  15,            0.017689,           0.0058201,                   0,             0.99967,              0.9996,             0.99818,              0.7223,            0.019317,           0.0062603,                   0,           0.0099571,           0.0099571,           0.0099571
                  16,            0.017622,           0.0058074,                   0,             0.99955,             0.99966,             0.99795,             0.72259,            0.019278,           0.0062533,                   0,           0.0099508,           0.0099508,           0.0099508
                  17,            0.017596,           0.0057933,                   0,              0.9996,             0.99967,             0.99767,             0.72293,            0.019251,           0.0062502,                   0,            0.009944,            0.009944,            0.009944
                  18,             0.01749,           0.0057663,                   0,             0.99961,             0.99967,             0.99766,             0.72292,            0.019231,           0.0062472,                   0,           0.0099368,           0.0099368,           0.0099368
                  19,            0.017487,           0.0057629,                   0,             0.99954,             0.99976,             0.99774,             0.72316,            0.019208,           0.0062439,                   0,           0.0099291,           0.0099291,           0.0099291
                  20,             0.01744,           0.0057555,                   0,             0.99951,              0.9998,             0.99785,             0.72502,            0.019153,           0.0062373,                   0,           0.0099211,           0.0099211,           0.0099211
                  21,             0.01743,           0.0057449,                   0,             0.99948,             0.99981,             0.99802,             0.72562,            0.019126,           0.0062355,                   0,           0.0099126,           0.0099126,           0.0099126
                  22,            0.017375,           0.0057441,                   0,              0.9995,             0.99974,             0.99827,             0.72682,             0.01908,           0.0062307,                   0,           0.0099037,           0.0099037,           0.0099037
                  23,            0.017318,            0.005721,                   0,             0.99958,             0.99964,             0.99831,             0.72752,            0.019052,           0.0062263,                   0,           0.0098943,           0.0098943,           0.0098943
                  24,            0.017309,           0.0057227,                   0,             0.99965,              0.9996,             0.99833,             0.72777,             0.01904,           0.0062265,                   0,           0.0098845,           0.0098845,           0.0098845
                  25,            0.017276,           0.0057152,                   0,             0.99955,             0.99969,             0.99827,             0.72834,            0.019019,           0.0062237,                   0,           0.0098743,           0.0098743,           0.0098743
                  26,             0.01724,            0.005705,                   0,             0.99957,              0.9997,             0.99818,             0.72894,             0.01899,           0.0062193,                   0,           0.0098637,           0.0098637,           0.0098637
                  27,            0.017221,              0.0057,                   0,              0.9995,             0.99977,             0.99822,             0.72827,            0.019006,           0.0062204,                   0,           0.0098527,           0.0098527,           0.0098527
                  28,            0.017178,           0.0056865,                   0,             0.99954,             0.99976,             0.99825,             0.72898,            0.018972,           0.0062144,                   0,           0.0098412,           0.0098412,           0.0098412
                  29,            0.017172,           0.0056871,                   0,             0.99961,             0.99968,             0.99845,             0.72948,            0.018954,           0.0062094,                   0,           0.0098293,           0.0098293,           0.0098293
                  30,            0.017125,           0.0056738,                   0,             0.99961,             0.99974,             0.99846,             0.73043,            0.018925,           0.0062042,                   0,            0.009817,            0.009817,            0.009817
                  31,            0.017108,           0.0056869,                   0,             0.99965,             0.99971,             0.99849,             0.73191,            0.018884,           0.0061966,                   0,           0.0098042,           0.0098042,           0.0098042
                  32,            0.017115,           0.0056737,                   0,             0.99966,             0.99972,             0.99845,             0.73213,             0.01886,           0.0061935,                   0,           0.0097911,           0.0097911,           0.0097911
                  33,            0.017069,           0.0056652,                   0,             0.99968,             0.99973,             0.99839,             0.73277,             0.01884,           0.0061899,                   0,           0.0097775,           0.0097775,           0.0097775
                  34,            0.017044,           0.0056575,                   0,             0.99966,              0.9997,             0.99828,             0.73317,            0.018827,           0.0061865,                   0,           0.0097635,           0.0097635,           0.0097635
                  35,            0.017073,           0.0056714,                   0,             0.99967,             0.99971,             0.99836,             0.73376,            0.018818,           0.0061853,                   0,           0.0097491,           0.0097491,           0.0097491
                  36,            0.017002,           0.0056447,                   0,             0.99965,              0.9997,             0.99819,             0.73399,            0.018803,           0.0061833,                   0,           0.0097343,           0.0097343,           0.0097343
                  37,            0.017021,           0.0056567,                   0,             0.99963,              0.9997,             0.99823,             0.73398,            0.018799,           0.0061832,                   0,           0.0097191,           0.0097191,           0.0097191
                  38,            0.016996,           0.0056379,                   0,             0.99966,             0.99972,             0.99823,             0.73411,            0.018795,           0.0061811,                   0,           0.0097035,           0.0097035,           0.0097035
                  39,            0.016973,           0.0056371,                   0,             0.99959,             0.99981,             0.99817,             0.73435,            0.018788,            0.006181,                   0,           0.0096875,           0.0096875,           0.0096875
                  40,            0.016989,           0.0056314,                   0,             0.99962,             0.99981,             0.99796,             0.73415,            0.018778,             0.00618,                   0,            0.009671,            0.009671,            0.009671
                  41,            0.016941,           0.0056222,                   0,             0.99962,             0.99975,             0.99803,             0.73407,            0.018776,           0.0061791,                   0,           0.0096542,           0.0096542,           0.0096542
                  42,            0.016941,           0.0056251,                   0,             0.99961,             0.99975,             0.99796,             0.73387,            0.018779,           0.0061807,                   0,           0.0096369,           0.0096369,           0.0096369
                  43,            0.016905,           0.0056196,                   0,             0.99964,             0.99976,             0.99793,             0.73394,            0.018774,           0.0061805,                   0,           0.0096193,           0.0096193,           0.0096193
                  44,            0.016897,           0.0056116,                   0,             0.99964,             0.99975,             0.99801,              0.7341,             0.01877,           0.0061785,                   0,           0.0096013,           0.0096013,           0.0096013
                  45,            0.016891,           0.0056055,                   0,             0.99966,             0.99974,             0.99803,             0.73456,            0.018774,           0.0061744,                   0,           0.0095828,           0.0095828,           0.0095828
                  46,            0.016858,           0.0055918,                   0,             0.99965,             0.99976,             0.99808,             0.73444,            0.018781,           0.0061743,                   0,            0.009564,            0.009564,            0.009564
                  47,            0.016817,           0.0056056,                   0,             0.99963,             0.99979,             0.99814,             0.73419,            0.018775,           0.0061725,                   0,           0.0095448,           0.0095448,           0.0095448
                  48,            0.016847,           0.0055911,                   0,             0.99964,             0.99976,             0.99813,              0.7344,            0.018766,           0.0061719,                   0,           0.0095252,           0.0095252,           0.0095252
                  49,            0.016854,           0.0056006,                   0,             0.99964,             0.99976,             0.99807,             0.73404,             0.01877,           0.0061726,                   0,           0.0095052,           0.0095052,           0.0095052
                  50,            0.016827,           0.0055985,                   0,             0.99961,              0.9998,               0.998,              0.7342,            0.018755,           0.0061691,                   0,           0.0094849,           0.0094849,           0.0094849
                  51,            0.016832,           0.0055848,                   0,             0.99964,             0.99975,               0.998,              0.7347,            0.018737,           0.0061667,                   0,           0.0094641,           0.0094641,           0.0094641
                  52,            0.016784,           0.0055931,                   0,              0.9996,              0.9998,             0.99803,             0.73512,            0.018726,           0.0061633,                   0,            0.009443,            0.009443,            0.009443
                  53,            0.016777,           0.0055814,                   0,             0.99967,             0.99972,             0.99794,             0.73525,            0.018719,           0.0061633,                   0,           0.0094215,           0.0094215,           0.0094215
                  54,            0.016776,            0.005579,                   0,             0.99963,             0.99977,             0.99796,             0.73614,            0.018707,           0.0061618,                   0,           0.0093996,           0.0093996,           0.0093996
                  55,            0.016779,           0.0055814,                   0,             0.99964,             0.99974,               0.998,              0.7367,            0.018701,           0.0061595,                   0,           0.0093773,           0.0093773,           0.0093773
                  56,            0.016764,           0.0055813,                   0,             0.99963,             0.99973,             0.99801,             0.73661,            0.018694,           0.0061587,                   0,           0.0093547,           0.0093547,           0.0093547
                  57,            0.016751,           0.0055691,                   0,             0.99966,             0.99976,             0.99805,             0.73702,            0.018686,           0.0061563,                   0,           0.0093317,           0.0093317,           0.0093317
                  58,            0.016747,           0.0055629,                   0,             0.99972,             0.99972,             0.99816,              0.7375,            0.018679,           0.0061539,                   0,           0.0093083,           0.0093083,           0.0093083
                  59,            0.016724,           0.0055564,                   0,             0.99967,             0.99974,             0.99819,             0.73711,            0.018678,           0.0061536,                   0,           0.0092846,           0.0092846,           0.0092846
                  60,            0.016745,           0.0055622,                   0,             0.99968,             0.99969,             0.99819,             0.73686,            0.018678,           0.0061541,                   0,           0.0092605,           0.0092605,           0.0092605
                  61,            0.016668,           0.0055406,                   0,             0.99953,             0.99983,             0.99825,             0.73616,            0.018692,           0.0061584,                   0,           0.0092361,           0.0092361,           0.0092361
                  62,            0.016708,           0.0055699,                   0,             0.99958,             0.99981,             0.99822,              0.7358,            0.018698,           0.0061605,                   0,           0.0092113,           0.0092113,           0.0092113
                  63,            0.016699,           0.0055533,                   0,             0.99958,             0.99978,             0.99831,             0.73614,            0.018692,           0.0061588,                   0,           0.0091861,           0.0091861,           0.0091861
                  64,            0.016691,           0.0055554,                   0,             0.99959,             0.99979,             0.99832,             0.73697,            0.018667,           0.0061543,                   0,           0.0091606,           0.0091606,           0.0091606
                  65,            0.016688,           0.0055632,                   0,             0.99959,             0.99978,             0.99834,             0.73783,            0.018659,           0.0061526,                   0,           0.0091348,           0.0091348,           0.0091348
                  66,            0.016664,            0.005533,                   0,             0.99956,             0.99981,             0.99833,             0.73855,            0.018643,           0.0061495,                   0,           0.0091086,           0.0091086,           0.0091086
                  67,            0.016658,             0.00555,                   0,             0.99957,             0.99977,             0.99836,             0.73753,            0.018652,           0.0061513,                   0,           0.0090821,           0.0090821,           0.0090821
                  68,            0.016631,           0.0055476,                   0,             0.99957,             0.99978,             0.99829,             0.73743,            0.018645,           0.0061492,                   0,           0.0090552,           0.0090552,           0.0090552
                  69,            0.016628,           0.0055448,                   0,             0.99959,             0.99977,             0.99829,             0.73792,            0.018637,           0.0061476,                   0,            0.009028,            0.009028,            0.009028
                  70,            0.016607,            0.005537,                   0,             0.99956,             0.99982,             0.99825,             0.73764,             0.01864,           0.0061487,                   0,           0.0090004,           0.0090004,           0.0090004
                  71,            0.016601,           0.0055417,                   0,             0.99963,             0.99977,             0.99825,             0.73869,            0.018621,            0.006144,                   0,           0.0089726,           0.0089726,           0.0089726
                  72,            0.016588,           0.0055201,                   0,             0.99965,             0.99976,             0.99816,              0.7385,            0.018621,           0.0061449,                   0,           0.0089444,           0.0089444,           0.0089444
                  73,              0.0166,            0.005536,                   0,             0.99965,             0.99978,             0.99819,             0.73882,            0.018617,           0.0061442,                   0,           0.0089159,           0.0089159,           0.0089159
                  74,            0.016591,           0.0055282,                   0,             0.99971,             0.99975,             0.99821,              0.7392,            0.018609,           0.0061402,                   0,            0.008887,            0.008887,            0.008887
                  75,            0.016598,           0.0055318,                   0,             0.99972,             0.99971,             0.99819,             0.73932,            0.018603,           0.0061393,                   0,           0.0088579,           0.0088579,           0.0088579
                  76,            0.016546,           0.0055195,                   0,             0.99962,              0.9998,             0.99823,             0.73961,            0.018588,           0.0061373,                   0,           0.0088284,           0.0088284,           0.0088284
                  77,            0.016564,           0.0055235,                   0,             0.99968,             0.99976,             0.99838,             0.73958,            0.018595,           0.0061373,                   0,           0.0087987,           0.0087987,           0.0087987
                  78,            0.016572,           0.0055125,                   0,             0.99966,             0.99977,             0.99843,              0.7394,            0.018602,           0.0061406,                   0,           0.0087686,           0.0087686,           0.0087686
                  79,            0.016543,           0.0055328,                   0,              0.9997,             0.99978,             0.99842,             0.73938,            0.018603,           0.0061414,                   0,           0.0087382,           0.0087382,           0.0087382
                  80,            0.016508,           0.0055037,                   0,             0.99958,             0.99982,             0.99838,             0.73899,            0.018601,           0.0061408,                   0,           0.0087075,           0.0087075,           0.0087075
                  81,            0.016518,           0.0055165,                   0,             0.99961,             0.99979,             0.99822,             0.73883,            0.018605,           0.0061434,                   0,           0.0086765,           0.0086765,           0.0086765
                  82,              0.0165,           0.0055049,                   0,             0.99963,             0.99978,              0.9983,             0.73899,            0.018602,           0.0061432,                   0,           0.0086452,           0.0086452,           0.0086452
                  83,            0.016475,           0.0054987,                   0,             0.99964,              0.9998,             0.99842,             0.73925,            0.018601,           0.0061417,                   0,           0.0086137,           0.0086137,           0.0086137
                  84,             0.01649,           0.0055031,                   0,             0.99964,             0.99977,             0.99847,             0.73971,            0.018602,           0.0061419,                   0,           0.0085818,           0.0085818,           0.0085818
                  85,            0.016478,           0.0054994,                   0,             0.99963,             0.99976,             0.99848,             0.73946,            0.018611,           0.0061431,                   0,           0.0085497,           0.0085497,           0.0085497
                  86,            0.016484,           0.0055004,                   0,             0.99962,             0.99981,             0.99854,             0.73987,            0.018606,           0.0061417,                   0,           0.0085173,           0.0085173,           0.0085173
                  87,            0.016457,           0.0055058,                   0,              0.9996,             0.99982,             0.99852,             0.73945,            0.018601,           0.0061428,                   0,           0.0084846,           0.0084846,           0.0084846
                  88,            0.016468,           0.0054869,                   0,              0.9996,             0.99985,             0.99851,             0.73953,            0.018603,           0.0061423,                   0,           0.0084516,           0.0084516,           0.0084516
                  89,            0.016408,           0.0054848,                   0,             0.99962,             0.99983,             0.99857,             0.73914,            0.018607,           0.0061461,                   0,           0.0084184,           0.0084184,           0.0084184
                  90,            0.016447,           0.0054899,                   0,             0.99961,             0.99982,             0.99854,             0.73937,            0.018604,           0.0061463,                   0,           0.0083849,           0.0083849,           0.0083849
                  91,            0.016441,           0.0054839,                   0,             0.99967,             0.99976,             0.99849,             0.73947,            0.018591,           0.0061415,                   0,           0.0083511,           0.0083511,           0.0083511
                  92,            0.016432,            0.005485,                   0,             0.99965,             0.99976,             0.99844,             0.73936,            0.018591,           0.0061414,                   0,           0.0083171,           0.0083171,           0.0083171
                  93,            0.016391,           0.0054786,                   0,             0.99959,             0.99983,             0.99844,              0.7398,            0.018583,           0.0061389,                   0,           0.0082829,           0.0082829,           0.0082829
                  94,            0.016404,           0.0054795,                   0,             0.99967,             0.99975,             0.99854,             0.73972,            0.018591,           0.0061401,                   0,           0.0082483,           0.0082483,           0.0082483
                  95,            0.016395,           0.0054754,                   0,             0.99967,             0.99979,              0.9986,             0.73986,            0.018604,           0.0061408,                   0,           0.0082136,           0.0082136,           0.0082136
                  96,            0.016382,           0.0054688,                   0,             0.99967,             0.99978,              0.9986,             0.73986,            0.018608,           0.0061392,                   0,           0.0081786,           0.0081786,           0.0081786
                  97,            0.016398,           0.0054788,                   0,             0.99966,             0.99977,              0.9986,             0.73968,            0.018604,           0.0061396,                   0,           0.0081433,           0.0081433,           0.0081433
                  98,            0.016363,           0.0054655,                   0,              0.9996,             0.99978,             0.99852,             0.73991,            0.018596,           0.0061398,                   0,           0.0081078,           0.0081078,           0.0081078
                  99,            0.016374,           0.0054639,                   0,             0.99959,             0.99977,              0.9985,             0.73988,            0.018594,           0.0061406,                   0,           0.0080721,           0.0080721,           0.0080721
                 100,            0.016357,           0.0054669,                   0,             0.99972,             0.99971,             0.99861,             0.74023,            0.018593,           0.0061388,                   0,           0.0080362,           0.0080362,           0.0080362
                 101,            0.016368,           0.0054669,                   0,             0.99969,             0.99973,             0.99867,                0.74,            0.018592,           0.0061384,                   0,               0.008,               0.008,               0.008
                 102,            0.016351,           0.0054596,                   0,             0.99966,             0.99978,             0.99867,             0.73993,             0.01859,           0.0061381,                   0,           0.0079636,           0.0079636,           0.0079636
                 103,            0.016297,            0.005452,                   0,             0.99963,             0.99978,             0.99873,             0.74002,            0.018582,           0.0061368,                   0,            0.007927,            0.007927,            0.007927
                 104,            0.016351,           0.0054722,                   0,             0.99966,             0.99973,             0.99877,             0.73996,            0.018571,           0.0061358,                   0,           0.0078902,           0.0078902,           0.0078902
                 105,            0.016324,           0.0054613,                   0,             0.99962,             0.99972,             0.99878,              0.7401,             0.01857,           0.0061355,                   0,           0.0078532,           0.0078532,           0.0078532
                 106,            0.016291,           0.0054554,                   0,             0.99958,             0.99975,             0.99881,             0.73994,             0.01857,           0.0061364,                   0,            0.007816,            0.007816,            0.007816
                 107,            0.016276,           0.0054541,                   0,              0.9997,             0.99975,             0.99879,             0.73979,            0.018573,           0.0061375,                   0,           0.0077785,           0.0077785,           0.0077785
                 108,            0.016301,           0.0054384,                   0,             0.99966,             0.99976,             0.99873,             0.74016,            0.018562,            0.006134,                   0,           0.0077409,           0.0077409,           0.0077409
                 109,            0.016298,           0.0054397,                   0,             0.99965,             0.99978,             0.99873,             0.74011,            0.018573,           0.0061347,                   0,           0.0077031,           0.0077031,           0.0077031
                 110,            0.016282,           0.0054421,                   0,             0.99966,             0.99975,             0.99877,             0.74018,            0.018569,           0.0061335,                   0,           0.0076651,           0.0076651,           0.0076651
                 111,             0.01625,           0.0054447,                   0,             0.99958,              0.9998,             0.99877,                0.74,            0.018571,           0.0061344,                   0,           0.0076269,           0.0076269,           0.0076269
                 112,            0.016249,           0.0054374,                   0,             0.99967,             0.99974,             0.99876,              0.7401,            0.018568,           0.0061324,                   0,           0.0075886,           0.0075886,           0.0075886
                 113,            0.016237,           0.0054306,                   0,             0.99968,             0.99978,             0.99875,             0.74068,            0.018555,           0.0061294,                   0,           0.0075501,           0.0075501,           0.0075501
                 114,            0.016252,           0.0054398,                   0,             0.99966,              0.9998,             0.99873,             0.74059,            0.018555,           0.0061303,                   0,           0.0075114,           0.0075114,           0.0075114
                 115,            0.016219,           0.0054315,                   0,             0.99969,             0.99976,             0.99867,             0.74056,            0.018552,           0.0061319,                   0,           0.0074725,           0.0074725,           0.0074725
                 116,            0.016231,             0.00543,                   0,             0.99962,              0.9998,             0.99865,             0.74077,            0.018553,           0.0061316,                   0,           0.0074335,           0.0074335,           0.0074335
                 117,            0.016207,           0.0054246,                   0,             0.99969,             0.99974,             0.99862,               0.741,            0.018545,           0.0061301,                   0,           0.0073943,           0.0073943,           0.0073943
                 118,            0.016199,           0.0054129,                   0,             0.99966,             0.99981,             0.99854,             0.74108,             0.01853,           0.0061269,                   0,            0.007355,            0.007355,            0.007355
                 119,            0.016197,           0.0054279,                   0,             0.99967,              0.9998,              0.9986,             0.74121,             0.01854,           0.0061266,                   0,           0.0073155,           0.0073155,           0.0073155
                 120,            0.016194,           0.0054098,                   0,             0.99961,             0.99983,             0.99868,             0.74053,            0.018552,             0.00613,                   0,           0.0072758,           0.0072758,           0.0072758
                 121,            0.016176,           0.0054127,                   0,             0.99963,             0.99984,             0.99864,             0.74088,            0.018554,           0.0061308,                   0,           0.0072361,           0.0072361,           0.0072361
                 122,            0.016161,           0.0054144,                   0,             0.99967,             0.99983,             0.99863,             0.74146,            0.018541,           0.0061291,                   0,           0.0071962,           0.0071962,           0.0071962
                 123,            0.016133,           0.0054002,                   0,             0.99967,             0.99982,             0.99865,              0.7419,            0.018531,           0.0061257,                   0,           0.0071561,           0.0071561,           0.0071561
                 124,            0.016162,           0.0054046,                   0,             0.99966,             0.99982,              0.9987,             0.74135,            0.018531,           0.0061273,                   0,            0.007116,            0.007116,            0.007116
                 125,            0.016154,           0.0054114,                   0,             0.99965,             0.99982,             0.99865,             0.74123,            0.018528,           0.0061287,                   0,           0.0070757,           0.0070757,           0.0070757
                 126,            0.016102,           0.0053963,                   0,             0.99963,             0.99981,             0.99866,             0.74141,            0.018527,           0.0061266,                   0,           0.0070353,           0.0070353,           0.0070353
                 127,             0.01611,           0.0053973,                   0,             0.99959,             0.99984,             0.99868,             0.74119,            0.018539,           0.0061297,                   0,           0.0069948,           0.0069948,           0.0069948
                 128,            0.016111,           0.0054037,                   0,             0.99966,             0.99978,             0.99863,             0.74129,            0.018546,           0.0061305,                   0,           0.0069541,           0.0069541,           0.0069541
                 129,            0.016104,           0.0053839,                   0,             0.99963,             0.99983,             0.99863,             0.74145,            0.018547,           0.0061294,                   0,           0.0069134,           0.0069134,           0.0069134
                 130,            0.016067,           0.0053793,                   0,             0.99962,             0.99983,             0.99857,             0.74175,            0.018536,           0.0061268,                   0,           0.0068726,           0.0068726,           0.0068726
                 131,            0.016056,           0.0053764,                   0,             0.99961,             0.99985,             0.99856,             0.74134,             0.01853,           0.0061282,                   0,           0.0068316,           0.0068316,           0.0068316
                 132,            0.016053,           0.0053803,                   0,             0.99961,             0.99984,             0.99853,             0.74156,            0.018514,           0.0061261,                   0,           0.0067906,           0.0067906,           0.0067906
                 133,            0.016049,           0.0053762,                   0,             0.99964,              0.9998,             0.99844,             0.74156,            0.018516,           0.0061252,                   0,           0.0067495,           0.0067495,           0.0067495
                 134,             0.01602,           0.0053872,                   0,             0.99967,             0.99978,             0.99851,              0.7418,            0.018518,           0.0061236,                   0,           0.0067083,           0.0067083,           0.0067083
                 135,            0.016049,           0.0053824,                   0,             0.99968,             0.99977,             0.99858,             0.74179,            0.018513,           0.0061225,                   0,           0.0066671,           0.0066671,           0.0066671
                 136,            0.016021,           0.0053759,                   0,             0.99961,             0.99984,             0.99857,             0.74155,             0.01852,           0.0061238,                   0,           0.0066257,           0.0066257,           0.0066257
                 137,            0.016023,           0.0053796,                   0,             0.99966,             0.99983,             0.99866,             0.74128,            0.018516,           0.0061223,                   0,           0.0065843,           0.0065843,           0.0065843
                 138,             0.01601,           0.0053711,                   0,             0.99965,             0.99982,             0.99857,             0.74088,             0.01852,           0.0061249,                   0,           0.0065429,           0.0065429,           0.0065429
                 139,            0.015996,           0.0053607,                   0,             0.99963,             0.99982,             0.99853,             0.74068,            0.018529,           0.0061273,                   0,           0.0065013,           0.0065013,           0.0065013
                 140,            0.015981,           0.0053678,                   0,             0.99964,             0.99981,             0.99852,              0.7414,            0.018521,           0.0061258,                   0,           0.0064597,           0.0064597,           0.0064597
                 141,             0.01599,           0.0053743,                   0,             0.99963,              0.9998,             0.99844,             0.74202,            0.018517,           0.0061253,                   0,           0.0064181,           0.0064181,           0.0064181
                 142,            0.015965,           0.0053631,                   0,             0.99964,             0.99982,             0.99841,             0.74155,            0.018517,           0.0061241,                   0,           0.0063764,           0.0063764,           0.0063764
                 143,            0.015964,           0.0053641,                   0,             0.99964,             0.99982,             0.99838,             0.74085,            0.018533,           0.0061275,                   0,           0.0063347,           0.0063347,           0.0063347
                 144,            0.015961,           0.0053605,                   0,             0.99965,             0.99983,             0.99846,             0.74092,            0.018538,           0.0061297,                   0,            0.006293,            0.006293,            0.006293
                 145,            0.015938,           0.0053529,                   0,             0.99967,             0.99981,             0.99841,             0.74118,            0.018536,           0.0061295,                   0,           0.0062512,           0.0062512,           0.0062512
                 146,            0.015944,            0.005345,                   0,              0.9997,             0.99982,             0.99848,             0.74147,            0.018525,           0.0061266,                   0,           0.0062093,           0.0062093,           0.0062093
                 147,            0.015939,           0.0053493,                   0,             0.99968,             0.99984,             0.99852,             0.74159,            0.018524,           0.0061261,                   0,           0.0061675,           0.0061675,           0.0061675
                 148,            0.015878,           0.0053411,                   0,             0.99969,             0.99983,              0.9986,             0.74163,            0.018514,           0.0061235,                   0,           0.0061256,           0.0061256,           0.0061256
                 149,            0.015902,           0.0053381,                   0,              0.9997,             0.99983,             0.99866,              0.7417,             0.01852,           0.0061249,                   0,           0.0060838,           0.0060838,           0.0060838
                 150,            0.015924,           0.0053387,                   0,             0.99965,             0.99986,             0.99866,             0.74189,            0.018526,           0.0061256,                   0,           0.0060419,           0.0060419,           0.0060419
                 151,            0.015884,           0.0053363,                   0,             0.99965,             0.99983,             0.99861,             0.74217,             0.01852,           0.0061249,                   0,               0.006,               0.006,               0.006
                 152,            0.015892,           0.0053335,                   0,             0.99967,             0.99984,             0.99857,             0.74225,            0.018512,           0.0061226,                   0,           0.0059581,           0.0059581,           0.0059581
                 153,            0.015866,           0.0053375,                   0,             0.99967,             0.99985,             0.99851,             0.74237,            0.018498,           0.0061201,                   0,           0.0059162,           0.0059162,           0.0059162
                 154,            0.015841,           0.0053373,                   0,             0.99966,             0.99984,             0.99843,             0.74244,            0.018495,           0.0061206,                   0,           0.0058744,           0.0058744,           0.0058744
                 155,            0.015828,           0.0053285,                   0,             0.99965,             0.99985,             0.99844,              0.7422,             0.01849,           0.0061204,                   0,           0.0058325,           0.0058325,           0.0058325
                 156,            0.015822,            0.005325,                   0,             0.99966,             0.99985,              0.9985,             0.74216,            0.018492,           0.0061191,                   0,           0.0057907,           0.0057907,           0.0057907
                 157,            0.015815,           0.0053276,                   0,             0.99969,             0.99982,              0.9985,             0.74221,            0.018487,           0.0061168,                   0,           0.0057488,           0.0057488,           0.0057488
                 158,            0.015825,             0.00532,                   0,             0.99967,             0.99984,             0.99837,             0.74247,             0.01849,           0.0061183,                   0,            0.005707,            0.005707,            0.005707
                 159,            0.015824,           0.0053163,                   0,             0.99967,             0.99984,             0.99829,             0.74212,            0.018501,           0.0061203,                   0,           0.0056653,           0.0056653,           0.0056653
                 160,             0.01579,           0.0053127,                   0,             0.99964,             0.99984,             0.99834,             0.74193,              0.0185,           0.0061206,                   0,           0.0056236,           0.0056236,           0.0056236
                 161,            0.015784,           0.0053109,                   0,             0.99963,             0.99984,             0.99839,             0.74205,            0.018492,           0.0061198,                   0,           0.0055819,           0.0055819,           0.0055819
                 162,            0.015756,           0.0053101,                   0,             0.99963,             0.99985,             0.99843,             0.74238,             0.01849,           0.0061179,                   0,           0.0055403,           0.0055403,           0.0055403
                 163,            0.015795,           0.0053173,                   0,             0.99963,             0.99986,             0.99844,             0.74228,            0.018507,           0.0061199,                   0,           0.0054987,           0.0054987,           0.0054987
                 164,            0.015744,           0.0053027,                   0,             0.99964,             0.99984,             0.99842,             0.74227,            0.018502,           0.0061192,                   0,           0.0054571,           0.0054571,           0.0054571
                 165,            0.015739,           0.0053036,                   0,             0.99967,             0.99983,             0.99845,              0.7429,            0.018508,           0.0061193,                   0,           0.0054157,           0.0054157,           0.0054157
                 166,            0.015733,           0.0053031,                   0,             0.99966,             0.99984,             0.99849,             0.74292,              0.0185,           0.0061188,                   0,           0.0053743,           0.0053743,           0.0053743
                 167,            0.015734,           0.0053075,                   0,             0.99965,             0.99985,             0.99844,             0.74261,            0.018486,           0.0061167,                   0,           0.0053329,           0.0053329,           0.0053329
                 168,             0.01572,             0.00529,                   0,             0.99962,             0.99985,             0.99847,             0.74273,            0.018481,           0.0061152,                   0,           0.0052917,           0.0052917,           0.0052917
                 169,            0.015693,           0.0053067,                   0,             0.99965,             0.99986,             0.99853,             0.74271,            0.018476,           0.0061143,                   0,           0.0052505,           0.0052505,           0.0052505
                 170,            0.015692,           0.0052895,                   0,             0.99966,             0.99986,             0.99865,             0.74269,            0.018482,           0.0061144,                   0,           0.0052094,           0.0052094,           0.0052094
                 171,            0.015676,           0.0052811,                   0,             0.99965,             0.99985,             0.99865,             0.74247,            0.018495,            0.006117,                   0,           0.0051684,           0.0051684,           0.0051684
                 172,            0.015673,           0.0052761,                   0,             0.99964,             0.99985,             0.99865,             0.74249,             0.01849,           0.0061178,                   0,           0.0051274,           0.0051274,           0.0051274
                 173,            0.015676,           0.0052891,                   0,             0.99965,             0.99986,             0.99867,             0.74245,            0.018487,           0.0061171,                   0,           0.0050866,           0.0050866,           0.0050866
                 174,            0.015623,           0.0052638,                   0,             0.99963,             0.99985,             0.99868,             0.74257,            0.018478,           0.0061153,                   0,           0.0050459,           0.0050459,           0.0050459
                 175,            0.015647,           0.0052754,                   0,             0.99963,             0.99988,             0.99864,             0.74263,            0.018476,           0.0061125,                   0,           0.0050052,           0.0050052,           0.0050052
                 176,            0.015626,           0.0052682,                   0,             0.99963,             0.99986,             0.99865,             0.74248,             0.01847,           0.0061115,                   0,           0.0049647,           0.0049647,           0.0049647
                 177,            0.015604,           0.0052654,                   0,             0.99969,             0.99985,             0.99863,             0.74209,            0.018471,           0.0061123,                   0,           0.0049243,           0.0049243,           0.0049243
                 178,            0.015602,           0.0052632,                   0,             0.99972,             0.99985,             0.99869,             0.74253,            0.018462,           0.0061094,                   0,            0.004884,            0.004884,            0.004884
                 179,            0.015605,           0.0052592,                   0,              0.9997,             0.99985,             0.99865,             0.74279,            0.018447,           0.0061081,                   0,           0.0048439,           0.0048439,           0.0048439
                 180,            0.015622,           0.0052642,                   0,             0.99969,             0.99989,             0.99872,             0.74283,            0.018455,           0.0061078,                   0,           0.0048038,           0.0048038,           0.0048038
                 181,            0.015582,           0.0052621,                   0,             0.99975,             0.99984,             0.99872,              0.7425,            0.018462,           0.0061096,                   0,           0.0047639,           0.0047639,           0.0047639
                 182,            0.015559,           0.0052673,                   0,             0.99974,             0.99985,             0.99865,             0.74277,             0.01845,           0.0061087,                   0,           0.0047242,           0.0047242,           0.0047242
                 183,            0.015571,           0.0052609,                   0,             0.99972,             0.99987,             0.99858,             0.74269,            0.018447,           0.0061074,                   0,           0.0046845,           0.0046845,           0.0046845
                 184,            0.015548,           0.0052556,                   0,             0.99969,             0.99989,             0.99862,             0.74282,             0.01844,           0.0061064,                   0,            0.004645,            0.004645,            0.004645
                 185,            0.015512,           0.0052329,                   0,             0.99969,             0.99988,              0.9986,              0.7427,            0.018443,           0.0061085,                   0,           0.0046057,           0.0046057,           0.0046057
                 186,            0.015486,           0.0052391,                   0,             0.99972,             0.99988,             0.99862,             0.74291,             0.01844,           0.0061095,                   0,           0.0045665,           0.0045665,           0.0045665
                 187,            0.015508,           0.0052432,                   0,             0.99971,             0.99988,             0.99868,             0.74343,            0.018429,           0.0061042,                   0,           0.0045275,           0.0045275,           0.0045275
                 188,            0.015476,           0.0052381,                   0,             0.99971,             0.99987,             0.99869,              0.7436,            0.018423,           0.0061021,                   0,           0.0044886,           0.0044886,           0.0044886
                 189,            0.015484,           0.0052393,                   0,             0.99971,             0.99988,              0.9987,             0.74353,            0.018429,            0.006102,                   0,           0.0044499,           0.0044499,           0.0044499
                 190,            0.015467,            0.005232,                   0,              0.9997,             0.99987,             0.99866,             0.74298,             0.01844,           0.0061049,                   0,           0.0044114,           0.0044114,           0.0044114
                 191,             0.01546,           0.0052372,                   0,             0.99973,             0.99987,             0.99862,             0.74273,             0.01845,           0.0061068,                   0,           0.0043731,           0.0043731,           0.0043731
                 192,            0.015466,            0.005232,                   0,              0.9997,             0.99989,             0.99865,              0.7429,            0.018443,           0.0061079,                   0,           0.0043349,           0.0043349,           0.0043349
                 193,             0.01544,           0.0052139,                   0,             0.99971,             0.99988,             0.99864,             0.74295,            0.018441,           0.0061088,                   0,           0.0042969,           0.0042969,           0.0042969
                 194,            0.015431,           0.0052134,                   0,             0.99971,             0.99987,             0.99862,             0.74327,             0.01843,           0.0061069,                   0,           0.0042591,           0.0042591,           0.0042591
                 195,             0.01544,            0.005226,                   0,             0.99971,             0.99986,             0.99867,              0.7436,            0.018424,            0.006104,                   0,           0.0042215,           0.0042215,           0.0042215
                 196,            0.015417,           0.0052098,                   0,             0.99969,             0.99987,             0.99868,              0.7433,            0.018422,           0.0061027,                   0,            0.004184,            0.004184,            0.004184
                 197,            0.015422,           0.0052197,                   0,             0.99965,             0.99984,             0.99861,             0.74292,             0.01843,           0.0061043,                   0,           0.0041468,           0.0041468,           0.0041468
                 198,            0.015387,           0.0052072,                   0,             0.99964,             0.99987,             0.99857,             0.74288,            0.018432,           0.0061043,                   0,           0.0041098,           0.0041098,           0.0041098
                 199,            0.015391,           0.0052084,                   0,             0.99964,             0.99986,             0.99855,             0.74274,            0.018431,           0.0061036,                   0,            0.004073,            0.004073,            0.004073
                 200,             0.01535,           0.0052021,                   0,             0.99968,             0.99987,             0.99862,             0.74287,            0.018428,           0.0061029,                   0,           0.0040364,           0.0040364,           0.0040364
                 201,            0.015352,           0.0051984,                   0,             0.99969,             0.99982,             0.99869,              0.7429,             0.01843,            0.006105,                   0,               0.004,               0.004,               0.004
                 202,            0.015352,           0.0051892,                   0,             0.99966,             0.99988,             0.99876,             0.74311,            0.018429,            0.006106,                   0,           0.0039638,           0.0039638,           0.0039638
                 203,            0.015319,           0.0051785,                   0,              0.9997,             0.99985,             0.99876,             0.74336,            0.018436,           0.0061064,                   0,           0.0039279,           0.0039279,           0.0039279
                 204,            0.015308,           0.0051962,                   0,             0.99968,             0.99986,             0.99877,             0.74309,            0.018431,           0.0061042,                   0,           0.0038922,           0.0038922,           0.0038922
                 205,            0.015319,           0.0051906,                   0,             0.99967,             0.99986,             0.99882,              0.7432,            0.018426,           0.0061009,                   0,           0.0038567,           0.0038567,           0.0038567
                 206,            0.015307,            0.005188,                   0,             0.99965,             0.99987,              0.9988,             0.74372,            0.018414,           0.0060982,                   0,           0.0038214,           0.0038214,           0.0038214
                 207,            0.015298,           0.0051827,                   0,             0.99966,             0.99986,              0.9988,             0.74358,            0.018417,           0.0060993,                   0,           0.0037864,           0.0037864,           0.0037864
                 208,            0.015274,           0.0051824,                   0,             0.99967,             0.99988,             0.99875,             0.74352,            0.018415,           0.0060979,                   0,           0.0037517,           0.0037517,           0.0037517
                 209,            0.015288,           0.0051685,                   0,             0.99965,             0.99988,             0.99872,             0.74413,            0.018397,           0.0060924,                   0,           0.0037171,           0.0037171,           0.0037171
                 210,            0.015269,           0.0051783,                   0,             0.99967,             0.99988,             0.99867,             0.74451,            0.018383,           0.0060888,                   0,           0.0036829,           0.0036829,           0.0036829
                 211,            0.015255,           0.0051812,                   0,             0.99969,             0.99984,             0.99871,             0.74428,            0.018384,           0.0060887,                   0,           0.0036489,           0.0036489,           0.0036489
                 212,            0.015244,           0.0051666,                   0,             0.99969,             0.99986,             0.99866,             0.74396,            0.018388,            0.006091,                   0,           0.0036151,           0.0036151,           0.0036151
                 213,            0.015241,           0.0051576,                   0,              0.9997,             0.99986,             0.99867,             0.74357,            0.018396,           0.0060938,                   0,           0.0035816,           0.0035816,           0.0035816
                 214,            0.015193,           0.0051658,                   0,             0.99965,              0.9999,             0.99858,             0.74324,            0.018398,           0.0060961,                   0,           0.0035484,           0.0035484,           0.0035484
                 215,            0.015213,           0.0051672,                   0,             0.99969,             0.99988,             0.99854,             0.74345,            0.018398,           0.0060968,                   0,           0.0035154,           0.0035154,           0.0035154
                 216,            0.015204,           0.0051515,                   0,             0.99965,             0.99988,             0.99853,             0.74337,            0.018391,           0.0060972,                   0,           0.0034827,           0.0034827,           0.0034827
                 217,            0.015199,           0.0051694,                   0,             0.99966,             0.99988,             0.99851,             0.74319,              0.0184,           0.0060989,                   0,           0.0034503,           0.0034503,           0.0034503
                 218,            0.015193,           0.0051538,                   0,             0.99969,             0.99989,              0.9986,             0.74345,            0.018398,           0.0060981,                   0,           0.0034182,           0.0034182,           0.0034182
                 219,            0.015169,           0.0051495,                   0,             0.99969,             0.99988,             0.99861,             0.74365,            0.018381,           0.0060951,                   0,           0.0033863,           0.0033863,           0.0033863
                 220,            0.015156,           0.0051521,                   0,             0.99967,             0.99988,             0.99866,              0.7434,            0.018392,            0.006098,                   0,           0.0033548,           0.0033548,           0.0033548
                 221,            0.015133,             0.00515,                   0,             0.99967,              0.9999,             0.99865,             0.74379,            0.018378,           0.0060944,                   0,           0.0033235,           0.0033235,           0.0033235
                 222,            0.015162,            0.005146,                   0,             0.99968,             0.99987,             0.99865,             0.74402,            0.018371,           0.0060922,                   0,           0.0032925,           0.0032925,           0.0032925
                 223,            0.015117,           0.0051375,                   0,             0.99969,             0.99986,             0.99872,             0.74424,            0.018361,           0.0060893,                   0,           0.0032618,           0.0032618,           0.0032618
                 224,            0.015107,           0.0051394,                   0,             0.99968,             0.99989,             0.99871,             0.74432,            0.018369,           0.0060902,                   0,           0.0032314,           0.0032314,           0.0032314
                 225,            0.015105,           0.0051281,                   0,             0.99966,             0.99989,              0.9987,             0.74409,            0.018375,           0.0060917,                   0,           0.0032013,           0.0032013,           0.0032013
                 226,            0.015096,           0.0051317,                   0,             0.99966,             0.99987,             0.99867,             0.74399,            0.018372,           0.0060933,                   0,           0.0031716,           0.0031716,           0.0031716
                 227,            0.015107,           0.0051172,                   0,             0.99967,             0.99986,             0.99869,             0.74455,            0.018368,           0.0060906,                   0,           0.0031421,           0.0031421,           0.0031421
                 228,            0.015073,           0.0051189,                   0,              0.9997,             0.99987,             0.99872,             0.74441,            0.018374,           0.0060905,                   0,            0.003113,            0.003113,            0.003113
                 229,            0.015077,           0.0051217,                   0,             0.99969,             0.99988,             0.99874,             0.74416,            0.018383,           0.0060922,                   0,           0.0030841,           0.0030841,           0.0030841
                 230,            0.015069,           0.0051218,                   0,             0.99969,             0.99987,             0.99879,             0.74388,            0.018389,           0.0060944,                   0,           0.0030556,           0.0030556,           0.0030556
                 231,            0.015047,           0.0051126,                   0,             0.99971,             0.99987,             0.99876,             0.74455,             0.01837,           0.0060906,                   0,           0.0030274,           0.0030274,           0.0030274
                 232,             0.01506,           0.0051225,                   0,              0.9997,             0.99987,             0.99875,             0.74455,            0.018365,           0.0060895,                   0,           0.0029996,           0.0029996,           0.0029996
                 233,            0.015031,             0.00511,                   0,              0.9997,             0.99988,             0.99877,             0.74424,             0.01837,            0.006093,                   0,            0.002972,            0.002972,            0.002972
                 234,            0.015008,           0.0050987,                   0,             0.99969,              0.9999,             0.99877,             0.74455,            0.018367,           0.0060949,                   0,           0.0029448,           0.0029448,           0.0029448
                 235,               0.015,            0.005112,                   0,              0.9997,             0.99987,             0.99877,             0.74449,            0.018374,           0.0060957,                   0,           0.0029179,           0.0029179,           0.0029179
                 236,               0.015,           0.0050951,                   0,             0.99969,             0.99987,             0.99879,             0.74454,            0.018371,           0.0060943,                   0,           0.0028914,           0.0028914,           0.0028914
                 237,            0.014999,           0.0051099,                   0,             0.99968,             0.99989,             0.99877,             0.74398,            0.018381,           0.0060972,                   0,           0.0028652,           0.0028652,           0.0028652
                 238,            0.015003,           0.0051025,                   0,             0.99973,             0.99987,             0.99879,             0.74383,            0.018376,            0.006096,                   0,           0.0028394,           0.0028394,           0.0028394
                 239,             0.01497,           0.0050963,                   0,             0.99972,             0.99989,             0.99874,             0.74409,             0.01837,           0.0060955,                   0,           0.0028139,           0.0028139,           0.0028139
                 240,            0.014968,            0.005092,                   0,             0.99975,             0.99988,             0.99871,             0.74427,            0.018358,           0.0060916,                   0,           0.0027887,           0.0027887,           0.0027887
                 241,            0.014963,           0.0050954,                   0,             0.99976,             0.99987,             0.99874,             0.74403,            0.018358,           0.0060906,                   0,           0.0027639,           0.0027639,           0.0027639
                 242,            0.014949,           0.0050866,                   0,             0.99974,             0.99987,             0.99872,             0.74418,            0.018358,           0.0060887,                   0,           0.0027395,           0.0027395,           0.0027395
                 243,            0.014941,            0.005083,                   0,             0.99973,             0.99988,              0.9987,             0.74406,            0.018363,           0.0060875,                   0,           0.0027154,           0.0027154,           0.0027154
                 244,            0.014949,           0.0050892,                   0,             0.99975,             0.99988,              0.9987,             0.74419,            0.018363,           0.0060875,                   0,           0.0026917,           0.0026917,           0.0026917
                 245,            0.014949,           0.0050917,                   0,             0.99975,             0.99989,             0.99874,             0.74458,            0.018342,           0.0060846,                   0,           0.0026683,           0.0026683,           0.0026683
                 246,            0.014912,           0.0050724,                   0,             0.99975,             0.99989,             0.99879,             0.74493,             0.01833,            0.006083,                   0,           0.0026453,           0.0026453,           0.0026453
                 247,            0.014917,           0.0050795,                   0,             0.99973,             0.99989,             0.99881,             0.74564,            0.018315,           0.0060807,                   0,           0.0026227,           0.0026227,           0.0026227
                 248,            0.014887,           0.0050732,                   0,             0.99973,              0.9999,             0.99887,             0.74545,            0.018315,           0.0060807,                   0,           0.0026004,           0.0026004,           0.0026004
                 249,            0.014873,           0.0050641,                   0,             0.99974,             0.99988,             0.99891,             0.74535,            0.018315,           0.0060803,                   0,           0.0025785,           0.0025785,           0.0025785
                 250,            0.014875,           0.0050769,                   0,             0.99974,             0.99989,             0.99887,             0.74507,            0.018323,           0.0060823,                   0,            0.002557,            0.002557,            0.002557
                 251,            0.014875,           0.0050607,                   0,             0.99974,             0.99989,             0.99884,             0.74539,            0.018315,           0.0060821,                   0,           0.0025359,           0.0025359,           0.0025359
                 252,            0.014891,           0.0050771,                   0,             0.99974,             0.99989,             0.99889,             0.74554,            0.018317,           0.0060814,                   0,           0.0025151,           0.0025151,           0.0025151
                 253,             0.01485,           0.0050603,                   0,             0.99972,             0.99989,             0.99888,             0.74507,             0.01833,           0.0060825,                   0,           0.0024948,           0.0024948,           0.0024948
                 254,            0.014845,           0.0050736,                   0,             0.99975,             0.99988,             0.99881,             0.74517,            0.018327,           0.0060831,                   0,           0.0024748,           0.0024748,           0.0024748
                 255,            0.014834,            0.005047,                   0,             0.99974,             0.99989,             0.99876,             0.74528,            0.018321,           0.0060822,                   0,           0.0024552,           0.0024552,           0.0024552
                 256,            0.014816,           0.0050661,                   0,             0.99971,             0.99989,             0.99875,             0.74537,            0.018328,            0.006084,                   0,            0.002436,            0.002436,            0.002436
                 257,            0.014848,           0.0050667,                   0,             0.99969,              0.9999,             0.99876,             0.74578,            0.018319,           0.0060828,                   0,           0.0024172,           0.0024172,           0.0024172
                 258,             0.01484,           0.0050649,                   0,              0.9997,             0.99989,             0.99882,             0.74566,            0.018317,           0.0060821,                   0,           0.0023987,           0.0023987,           0.0023987
                 259,            0.014816,           0.0050552,                   0,             0.99974,             0.99987,             0.99881,             0.74583,            0.018311,           0.0060803,                   0,           0.0023807,           0.0023807,           0.0023807
                 260,            0.014802,           0.0050404,                   0,             0.99972,             0.99989,              0.9988,             0.74571,            0.018312,           0.0060786,                   0,           0.0023631,           0.0023631,           0.0023631
                 261,            0.014804,           0.0050436,                   0,             0.99974,             0.99988,              0.9988,             0.74531,            0.018318,           0.0060815,                   0,           0.0023458,           0.0023458,           0.0023458
                 262,            0.014772,           0.0050393,                   0,             0.99972,             0.99988,              0.9987,             0.74493,             0.01832,           0.0060836,                   0,            0.002329,            0.002329,            0.002329
                 263,            0.014804,           0.0050493,                   0,             0.99974,             0.99987,             0.99871,             0.74509,            0.018325,           0.0060841,                   0,           0.0023125,           0.0023125,           0.0023125
                 264,            0.014797,           0.0050446,                   0,             0.99975,             0.99989,             0.99875,             0.74521,            0.018312,           0.0060807,                   0,           0.0022965,           0.0022965,           0.0022965
                 265,            0.014788,           0.0050477,                   0,             0.99976,             0.99987,             0.99884,             0.74555,            0.018302,           0.0060788,                   0,           0.0022809,           0.0022809,           0.0022809
                 266,            0.014789,           0.0050473,                   0,             0.99976,             0.99988,             0.99885,             0.74558,            0.018298,           0.0060765,                   0,           0.0022657,           0.0022657,           0.0022657
                 267,            0.014756,           0.0050517,                   0,             0.99978,             0.99989,             0.99891,             0.74526,             0.01831,           0.0060775,                   0,           0.0022509,           0.0022509,           0.0022509
                 268,             0.01475,           0.0050345,                   0,             0.99978,             0.99988,             0.99891,             0.74552,            0.018307,           0.0060759,                   0,           0.0022365,           0.0022365,           0.0022365
                 269,            0.014714,           0.0050184,                   0,             0.99976,             0.99989,             0.99893,             0.74569,            0.018305,           0.0060755,                   0,           0.0022225,           0.0022225,           0.0022225
                 270,             0.01473,           0.0050284,                   0,             0.99977,             0.99989,              0.9989,             0.74579,            0.018305,           0.0060776,                   0,           0.0022089,           0.0022089,           0.0022089
                 271,            0.014747,           0.0050333,                   0,             0.99974,             0.99989,             0.99885,             0.74572,            0.018308,           0.0060778,                   0,           0.0021958,           0.0021958,           0.0021958
                 272,            0.014748,           0.0050356,                   0,             0.99978,             0.99985,             0.99886,               0.746,            0.018291,            0.006075,                   0,            0.002183,            0.002183,            0.002183
                 273,            0.014727,           0.0050305,                   0,             0.99976,             0.99989,             0.99876,             0.74577,             0.01829,           0.0060754,                   0,           0.0021707,           0.0021707,           0.0021707
                 274,            0.014696,           0.0050255,                   0,              0.9998,             0.99989,             0.99875,             0.74616,            0.018271,           0.0060721,                   0,           0.0021588,           0.0021588,           0.0021588
                 275,             0.01471,           0.0050189,                   0,              0.9998,             0.99987,             0.99877,             0.74596,             0.01828,           0.0060733,                   0,           0.0021473,           0.0021473,           0.0021473
                 276,            0.014723,           0.0050266,                   0,             0.99976,             0.99986,             0.99877,             0.74565,            0.018289,           0.0060736,                   0,           0.0021363,           0.0021363,           0.0021363
                 277,            0.014681,           0.0050176,                   0,             0.99975,             0.99986,             0.99885,             0.74549,            0.018296,            0.006074,                   0,           0.0021257,           0.0021257,           0.0021257
                 278,            0.014693,            0.005017,                   0,             0.99976,             0.99984,             0.99887,              0.7449,            0.018306,           0.0060762,                   0,           0.0021155,           0.0021155,           0.0021155
                 279,            0.014681,           0.0050206,                   0,             0.99975,             0.99981,             0.99896,             0.74467,            0.018317,           0.0060793,                   0,           0.0021057,           0.0021057,           0.0021057
                 280,            0.014699,           0.0050211,                   0,             0.99972,             0.99985,             0.99899,             0.74486,            0.018315,           0.0060789,                   0,           0.0020963,           0.0020963,           0.0020963
                 281,            0.014681,           0.0050167,                   0,             0.99976,             0.99984,             0.99903,             0.74501,             0.01831,           0.0060773,                   0,           0.0020874,           0.0020874,           0.0020874
                 282,            0.014672,           0.0050248,                   0,             0.99974,             0.99986,               0.999,             0.74573,            0.018297,           0.0060744,                   0,           0.0020789,           0.0020789,           0.0020789
                 283,            0.014691,           0.0050305,                   0,             0.99973,             0.99985,               0.999,             0.74574,            0.018287,           0.0060734,                   0,           0.0020709,           0.0020709,           0.0020709
                 284,            0.014668,           0.0050163,                   0,             0.99977,             0.99982,             0.99903,             0.74609,            0.018282,            0.006071,                   0,           0.0020632,           0.0020632,           0.0020632
                 285,            0.014652,           0.0050127,                   0,             0.99977,              0.9998,             0.99898,             0.74614,            0.018279,           0.0060704,                   0,            0.002056,            0.002056,            0.002056
                 286,            0.014652,           0.0050192,                   0,             0.99971,             0.99984,             0.99901,             0.74577,            0.018287,           0.0060724,                   0,           0.0020492,           0.0020492,           0.0020492
                 287,            0.014666,           0.0050297,                   0,             0.99976,             0.99982,             0.99905,             0.74612,            0.018282,           0.0060713,                   0,           0.0020429,           0.0020429,           0.0020429
                 288,            0.014677,           0.0050308,                   0,             0.99976,             0.99979,             0.99905,             0.74636,            0.018278,           0.0060713,                   0,            0.002037,            0.002037,            0.002037
                 289,            0.014664,           0.0050184,                   0,             0.99972,             0.99984,             0.99908,             0.74636,            0.018277,           0.0060711,                   0,           0.0020315,           0.0020315,           0.0020315
                 290,            0.014656,           0.0050104,                   0,             0.99977,             0.99983,              0.9991,             0.74627,            0.018278,           0.0060724,                   0,           0.0020265,           0.0020265,           0.0020265
                 291,            0.014641,           0.0050014,                   0,             0.99976,             0.99985,             0.99908,              0.7461,             0.01828,           0.0060738,                   0,           0.0020219,           0.0020219,           0.0020219
                 292,            0.014642,           0.0050092,                   0,             0.99973,             0.99985,               0.999,             0.74637,            0.018269,           0.0060725,                   0,           0.0020178,           0.0020178,           0.0020178
                 293,            0.014643,           0.0050078,                   0,             0.99977,             0.99982,             0.99897,             0.74644,            0.018268,           0.0060725,                   0,            0.002014,            0.002014,            0.002014
                 294,            0.014662,           0.0050172,                   0,             0.99976,             0.99981,             0.99899,             0.74638,            0.018278,           0.0060748,                   0,           0.0020107,           0.0020107,           0.0020107
                 295,             0.01465,           0.0050025,                   0,             0.99971,             0.99988,             0.99898,             0.74623,            0.018283,           0.0060766,                   0,           0.0020079,           0.0020079,           0.0020079
                 296,            0.014643,           0.0050045,                   0,             0.99968,              0.9999,             0.99901,              0.7465,            0.018279,           0.0060759,                   0,           0.0020055,           0.0020055,           0.0020055
                 297,            0.014654,           0.0050021,                   0,             0.99971,             0.99981,             0.99899,             0.74593,            0.018287,           0.0060769,                   0,           0.0020035,           0.0020035,           0.0020035
                 298,            0.014637,           0.0050024,                   0,             0.99974,             0.99984,             0.99899,             0.74592,            0.018294,           0.0060783,                   0,            0.002002,            0.002002,            0.002002
                 299,             0.01463,           0.0050024,                   0,             0.99972,             0.99984,             0.99898,              0.7456,            0.018294,           0.0060773,                   0,           0.0020009,           0.0020009,           0.0020009
